city,name,instagram,channel,email,priority,dm_text,status,date_contacted,reply,shoot_date,notes
Athens,Pax (Eirini Terzi),@pax.ter,Email + DM,contact@paxter.info,A,"Hi Pax, I'm Aidan, an editorial photographer (35mm film + digital). I'm in Athens 30 Sept – 2 Oct shooting tests with agency models and I'd love to turn one day into a proper story with a stylist. Your work on your Antivirus and LOAD editorials is very much the direction I have in mind. Short notice, I know, but would you be up for it? Moodboard: https://www.aidantorrence.com/athens-moodboard.pdf · portfolio: aidantorrence.com",to contact,,,,
Athens,Maria Bifsa,@pifssi,DM,,A,"Hi Maria, I'm Aidan, an editorial photographer (35mm film + digital). I'm in Athens 30 Sept – 2 Oct shooting tests with agency models and I'd love to turn one day into a proper story with a stylist. Your work on ""Hard Candy"" for LOAD is very much the direction I have in mind. Short notice, I know, but would you be up for it? Moodboard: https://www.aidantorrence.com/athens-moodboard.pdf · portfolio: aidantorrence.com",to contact,,,,
Athens,Elpida Palaiogianni,@elionniz,DM,,A,"Hi Elpida, I'm Aidan, an editorial photographer (35mm film + digital). I'm in Athens 30 Sept – 2 Oct shooting tests with agency models and I'd love to turn one day into a proper story with a stylist. Your work on ""Her Own Muse"" for LOAD is very much the direction I have in mind. Short notice, I know, but would you be up for it? Moodboard: https://www.aidantorrence.com/athens-moodboard.pdf · portfolio: aidantorrence.com",to contact,,,,
Athens,Demi Bouki,@demi1026_,DM,,B,"Hi Demi, I'm Aidan, an editorial photographer (35mm film + digital). I'm in Athens 30 Sept – 2 Oct shooting tests with agency models and I'd love to turn one day into a proper story with a stylist. Your work on ""The Paparazzi"" cover story for LOAD is very much the direction I have in mind. Short notice, I know, but would you be up for it? Moodboard: https://www.aidantorrence.com/athens-moodboard.pdf · portfolio: aidantorrence.com",to contact,,,,
Athens,Niki Pagiataki,@nikipagiataki,DM,,A,"Hi Niki, I'm Aidan, an editorial photographer (35mm film + digital). I'm in Athens 30 Sept – 2 Oct shooting tests with agency models and I'd love to turn one day into a proper story with a stylist. Your work on the ""Eternal"" cover story for LOAD is very much the direction I have in mind. Short notice, I know, but would you be up for it? Moodboard: https://www.aidantorrence.com/athens-moodboard.pdf · portfolio: aidantorrence.com",to contact,,,,
Athens,Chrysa Chroni,@chrysa.chr,DM,,A,"Hi Chrysa, I'm Aidan, an editorial photographer (35mm film + digital). I'm in Athens 30 Sept – 2 Oct shooting tests with agency models and I'd love to turn one day into a proper story with a stylist. Your work on your Vogue Greece stories is very much the direction I have in mind. Short notice, I know, but would you be up for it? Moodboard: https://www.aidantorrence.com/athens-moodboard.pdf · portfolio: aidantorrence.com",to contact,,,,
Athens,Dynno Dada,@dynnodada,DM,,A,"Hi Dynno, I'm Aidan, an editorial photographer (35mm film + digital). I'm in Athens 30 Sept – 2 Oct shooting tests with agency models and I'd love to turn one day into a proper story with a stylist. Your work on the Mathilde Lakjaer story for Vogue Greece is very much the direction I have in mind. Short notice, I know, but would you be up for it? Moodboard: https://www.aidantorrence.com/athens-moodboard.pdf · portfolio: aidantorrence.com",to contact,,,,
Athens,Yiorgos Mesimeris,@yiorgos.mesimeris,Email (Mia Dorier) + DM,info@miadorier.com,B,"Hi Yiorgos, I'm Aidan, an editorial photographer (35mm film + digital). I'm in Athens 30 Sept – 2 Oct shooting tests with agency models and I'd love to turn one day into a proper story with a stylist. Your work on your LOAD and Schön! editorials is very much the direction I have in mind. Short notice, I know, but would you be up for it? Moodboard: https://www.aidantorrence.com/athens-moodboard.pdf · portfolio: aidantorrence.com",to contact,,,,
Athens,Panos Yerolemides,@panosyerolemides,Email + DM,panos@panosyerolemides.com,B,"Hi Panos, I'm Aidan, an editorial photographer (35mm film + digital). I'm in Athens 30 Sept – 2 Oct shooting tests with agency models and I'd love to turn one day into a proper story with a stylist. Your work on the Antivirus story at the Brown Acropol is very much the direction I have in mind. Short notice, I know, but would you be up for it? Moodboard: https://www.aidantorrence.com/athens-moodboard.pdf · portfolio: aidantorrence.com",to contact,,,,
Athens,George Karapetis,@ohmygeorges,DM,,C,"Hi George, I'm Aidan, an editorial photographer (35mm film + digital). I'm in Athens 30 Sept – 2 Oct shooting tests with agency models and I'd love to turn one day into a proper story with a stylist. Your work on your Vogue Greece editorials is very much the direction I have in mind. Short notice, I know, but would you be up for it? Moodboard: https://www.aidantorrence.com/athens-moodboard.pdf · portfolio: aidantorrence.com",to contact,,,,
Athens,Vivian Rouvela,@vivian_rouvela,DM,,C,"Hi Vivian, I'm Aidan, an editorial photographer (35mm film + digital). I'm in Athens 30 Sept – 2 Oct shooting tests with agency models and I'd love to turn one day into a proper story with a stylist. Your work on the Céline Vivod story for Elle Greece is very much the direction I have in mind. Short notice, I know, but would you be up for it? Moodboard: https://www.aidantorrence.com/athens-moodboard.pdf · portfolio: aidantorrence.com",to contact,,,,
Paris,Elvira Tiaou,@elviratiaou,DM,,A,"Hi Elvira, I'm Aidan, an editorial photographer (35mm film + digital). I'm in Paris 2–4 Oct shooting tests with agency models and I'd love to build one proper story with a stylist, to submit to independent magazines. Loved your styling on ""wearable beauty"" for Schön!. Would you be up for it, even for half a day? Portfolio: aidantorrence.com",to contact,,,,
Paris,Clémence Elima,@ecclem_,DM,,A,"Hi Clémence, I'm Aidan, an editorial photographer (35mm film + digital). I'm in Paris 2–4 Oct shooting tests with agency models and I'd love to build one proper story with a stylist, to submit to independent magazines. Loved your styling on ""Heartbeat City"" for Kaltblut. Would you be up for it, even for half a day? Portfolio: aidantorrence.com",to contact,,,,
Paris,Fanélie Patras,@fanelie_patras,DM,,A,"Hi Fanélie, I'm Aidan, an editorial photographer (35mm film + digital). I'm in Paris 2–4 Oct shooting tests with agency models and I'd love to build one proper story with a stylist, to submit to independent magazines. Loved your styling on ""Garçon de Joie"" for Vanity Teen. Would you be up for it, even for half a day? Portfolio: aidantorrence.com",to contact,,,,
Paris,Cloé Maitret,@cloemtrt,DM,,A,"Hi Cloé, I'm Aidan, an editorial photographer (35mm film + digital). I'm in Paris 2–4 Oct shooting tests with agency models and I'd love to build one proper story with a stylist, to submit to independent magazines. Loved your styling on ""Garçon de Joie"" for Vanity Teen. Would you be up for it, even for half a day? Portfolio: aidantorrence.com",to contact,,,,
Paris,Anis Benboudjema,@anisbdjma,DM,,A,"Hi Anis, I'm Aidan, an editorial photographer (35mm film + digital). I'm in Paris 2–4 Oct shooting tests with agency models and I'd love to build one proper story with a stylist, to submit to independent magazines. Loved your styling on ""Glamma"" for Kaltblut. Would you be up for it, even for half a day? Portfolio: aidantorrence.com",to contact,,,,
Paris,Bénédicte Kaluvangimoko,@benedickt_ka,Email + DM,benedicte.kaluvangimoko@gmail.com,A,"Hi Bénédicte, I'm Aidan, an editorial photographer (35mm film + digital). I'm in Paris 2–4 Oct shooting tests with agency models and I'd love to build one proper story with a stylist, to submit to independent magazines. Loved your styling on ""In + Out"" for Schön!. Would you be up for it, even for half a day? Portfolio: aidantorrence.com",to contact,,,,
Paris,Stephen Barrington,@stephen.barrington_ (check),DM,,B,"Hi Stephen, I'm Aidan, an editorial photographer (35mm film + digital). I'm in Paris 2–4 Oct shooting tests with agency models and I'd love to build one proper story with a stylist, to submit to independent magazines. Loved your styling on the Jay Zoo editorial for Numéro Netherlands. Would you be up for it, even for half a day? Portfolio: aidantorrence.com",to contact,,,,
Paris,Grégory Ambroisine,@gregambroisine,Email + DM,contact@gregoryambroisine.com,B,"Hi Grégory, I'm Aidan, an editorial photographer (35mm film + digital). I'm in Paris 2–4 Oct shooting tests with agency models and I'd love to build one proper story with a stylist, to submit to independent magazines. Loved your styling on ""Paris, Bastille"" for Kaltblut. Would you be up for it, even for half a day? Portfolio: aidantorrence.com",to contact,,,,
Paris,B Agency (Tomer Almoznino / Pablo Patane / Steven Doan),,Email (booker),david@b-agency.com,B,,to contact,,,,
Paris,Ricky van Gils,@rickyvangils,DM,,C,"Hi Ricky, I'm Aidan, an editorial photographer (35mm film + digital). I'm in Paris 2–4 Oct shooting tests with agency models and I'd love to build one proper story with a stylist, to submit to independent magazines. Loved your styling on your Harper's Bazaar France Homme work. Would you be up for it, even for half a day? Portfolio: aidantorrence.com",to contact,,,,
Istanbul,Emrecan Sandal,@emrecansandal,DM,,A,"Hi Emrecan, I'm Aidan, an editorial photographer (35mm film + digital). I'll be in Istanbul from mid-October and I'm planning a couple of editorial stories with agency models. Loved your styling on ""Memory Lane"" for Cake. Would you be open to collaborating? Happy to share a moodboard once dates are set. Portfolio: aidantorrence.com",to contact,,,,
Istanbul,Naz Paksoy,@nazpaksoy (check),DM,,A,"Hi Naz, I'm Aidan, an editorial photographer (35mm film + digital). I'll be in Istanbul from mid-October and I'm planning a couple of editorial stories with agency models. Loved your styling on ""Why Do It"" for Based Istanbul. Would you be open to collaborating? Happy to share a moodboard once dates are set. Portfolio: aidantorrence.com",to contact,,,,
Istanbul,Melis Kerimoğlu,@kerimoglumelis (check),DM,,A,"Hi Melis, I'm Aidan, an editorial photographer (35mm film + digital). I'll be in Istanbul from mid-October and I'm planning a couple of editorial stories with agency models. Loved your styling on your Based Istanbul and Harper's Bazaar work. Would you be open to collaborating? Happy to share a moodboard once dates are set. Portfolio: aidantorrence.com",to contact,,,,
Istanbul,Tuğçe Kılınçlı,@tugcekilincli,DM,,B,"Hi Tuğçe, I'm Aidan, an editorial photographer (35mm film + digital). I'll be in Istanbul from mid-October and I'm planning a couple of editorial stories with agency models. Loved your styling on the Saadet Aksoy story for Harper's Bazaar. Would you be open to collaborating? Happy to share a moodboard once dates are set. Portfolio: aidantorrence.com",to contact,,,,
Istanbul,Pelinsu Oğuz,@pelinsuo_,DM,,B,"Hi Pelinsu, I'm Aidan, an editorial photographer (35mm film + digital). I'll be in Istanbul from mid-October and I'm planning a couple of editorial stories with agency models. Loved your styling on your work at Marie Claire Türkiye. Would you be open to collaborating? Happy to share a moodboard once dates are set. Portfolio: aidantorrence.com",to contact,,,,
Istanbul,Ceren Çetinoğlu,@cerencetinoglu (check),DM,,B,"Hi Ceren, I'm Aidan, an editorial photographer (35mm film + digital). I'll be in Istanbul from mid-October and I'm planning a couple of editorial stories with agency models. Loved your styling on ""Güneşe Yakın"" for Vogue Türkiye. Would you be open to collaborating? Happy to share a moodboard once dates are set. Portfolio: aidantorrence.com",to contact,,,,
Istanbul,Sıla Aydın,@aydinsiila (check),DM,,B,"Hi Sıla, I'm Aidan, an editorial photographer (35mm film + digital). I'll be in Istanbul from mid-October and I'm planning a couple of editorial stories with agency models. Loved your styling on ""İstanbul Hatırası"" for Vogue Türkiye. Would you be open to collaborating? Happy to share a moodboard once dates are set. Portfolio: aidantorrence.com",to contact,,,,
Istanbul,Zekiye Karadağ,@karadag.zekiye (check),Email,zekiyekaradag@harpersbazaar.com.tr,B,"Hi Zekiye, I'm Aidan, an editorial photographer (35mm film + digital). I'll be in Istanbul from mid-October and I'm planning a couple of editorial stories with agency models. Loved your styling on your Harper's Bazaar Türkiye stories. Would you be open to collaborating? Happy to share a moodboard once dates are set. Portfolio: aidantorrence.com",to contact,,,,
Istanbul,Bora Beler,@belerbora (check),DM,,C,"Hi Bora, I'm Aidan, an editorial photographer (35mm film + digital). I'll be in Istanbul from mid-October and I'm planning a couple of editorial stories with agency models. Loved your styling on your Based Istanbul work. Would you be open to collaborating? Happy to share a moodboard once dates are set. Portfolio: aidantorrence.com",to contact,,,,
