drafted_utc,magazine,city,to,gmail_thread_id,gmail_draft_id,status
2026-10-08,Boca Magazine,Miami,christiana@bocamag.com,1a11113abadc4d26,r-2296599217154742779,drafted
2026-10-08,Haute Living,Miami,contactus@hauteliving.com,1a11113b38c08ba3,r1706158310400272708,drafted
2026-10-08,Aventura Magazine,Miami,dnikolopoulos@palmbeachmedia.com,1a11115e49838fb9,r-7861120117604096971,drafted
2026-10-08,Brickell Magazine,Miami,editor@tagmedia.com,1a1110e55ff71b1b,r-4510133653197587567,drafted
2026-10-08,PAPER,New York,edit@papermag.com,1a1111600437c8eb,r2022098246640670051,drafted
2026-10-08,The Daily Front Row,New York,editor@dailyfrontrow.com,1a11113bd93c001b,r-4787234084044217247,drafted
2026-10-08,Avenue,New York,editorial@avenuemagazine.com,1a11113c53c66c5c,r-502988783502150374,drafted
2026-10-08,Ponyboy,New York,fashioneditor@ponyboymagazine.com,1a11113a09d4f8f5,r-6050690140345674672,drafted
2026-10-08,Cero,New York,info@ceromagazine.com,1a11115fbaa61107,r-3568091704973372787,drafted
2026-10-08,Mission,New York,info@missionmag.org,1a111126716694f2,r4646636021541978637,drafted
2026-10-08,Office,New York,info@officemagazine.net,1a1111609d4c10d1,r-1300965790705446104,drafted
2026-10-08,Tunica,New York,info@tunicastudio.com,1a111126eec19ecb,r2862213857984137531,drafted
2026-10-08,Glamour Bulgaria,New York and Miami,ani@glamour.bg,1a111148397eb6b2,r-9109485926001297316,drafted
2026-10-08,Twin,New York and Miami,becky@twinfactory.co.uk,1a11112bb9a61be8,r-2258875096085703436,drafted
2026-10-08,Harper's Bazaar Arabia,New York and Miami,charlotte.williams@os.itp.com; charlie.boyd@itp.com,1a11114d19fdc6fd,r8261401055009712284,drafted
2026-10-08,Novembre,New York and Miami,contact@novembremagazine.com,1a11112a9689faf9,r-7490527339680535925,drafted
2026-10-08,Le Mile,New York and Miami,editorial@lemilemagazine.com,1a11112800f10023,r-8529705991963491120,drafted
2026-10-08,L'Officiel Ibiza,New York and Miami,editorial@lofficielibiza.com,1a111149b5150b3a,r-7738545330546494423,drafted
2026-10-08,Hunger,New York and Miami,editorial@rankin.co.uk,1a11116397ae1265,r-8885891074555751283,drafted
2026-10-08,1883,New York and Miami,fashion@1883magazine.com,1a111161bc9fc0ce,r-777865113305335101,drafted
2026-10-08,Nasty,New York and Miami,fashion@nastymagazine.com,1a111170e498d9df,r-7978128374523130328,drafted
2026-10-08,Numéro Berlin,New York and Miami,fashion@oor.berlin,1a11114dbe9ec07f,r3938743731048172622,drafted
2026-10-08,Lady Gunn,New York and Miami,hello@ladygunn.com,1a1111613f5e32a6,r2022570191456982614,drafted
2026-10-08,IRK,New York and Miami,info@irkmagazine.com,1a1111642124b803,r-703921420234521863,drafted
2026-10-08,Puss Puss,New York and Miami,info@pusspussmagazine.com,1a11112b34903dfb,r8925125064577066816,drafted
2026-10-08,The Forumist,New York and Miami,info@theforumist.com,1a111128b4d9c4cb,r-1180743741969301931,drafted
2026-10-08,Vein,New York and Miami,info@vein.es,1a1111295ab3d8cf,r6946404928438480566,drafted
2026-10-08,Vingt Sept,New York and Miami,info@vingtseptmagazine.com,1a11112793e27467,r-2269782000895812786,drafted
2026-10-08,L'Officiel St Barth,New York and Miami,jenny@lofficielstbarth.com,1a11114ae32ce352,r2534581400864191987,drafted
2026-10-08,Vogue Adria,New York and Miami,kristina.mikulic@vogueadria.com,1a11113cf379f35f,r-4052338711766373283,drafted
2026-10-08,Elle Bulgaria,New York and Miami,m.georgieva@sbb.bg,1a11114872447d49,r-5361364099696678601,drafted
2026-10-08,Regia,New York and Miami,marcela@regiamag.com,1a11114bf2fa684c,r-7342064502987615838,drafted
2026-10-08,Metal,New York and Miami,metal_contributions@revistametal.com,1a111162f010e43e,r-7852074292367831026,drafted
2026-10-08,Pibe,New York and Miami,office@pibemagazine.com,1a111129eaf93b4d,r-780516871215348260,drafted
2026-10-08,Achtung Mode,New York and Miami,post@achtung-mode.com,1a111138cd39191f,r5618606887027317049,drafted
2026-10-08,Vogue Czechoslovakia,New York and Miami,redakce@vogue.cz,1a11113d7057140d,r-909466275331016972,drafted
2026-10-08,L'Officiel Brasil,New York and Miami,site@revistalofficiel.com.br,1a11114a4d1283ad,r-3507193229129610625,drafted
2026-10-08,Bricks,New York and Miami,submissions@bricksmagazine.co.uk,1a1111370873b4ab,r-8464190499890154795,drafted
2026-10-08,Glamcult,New York and Miami,submissions@glamcultstudio.com,1a111137b3b23219,r4621254239232769352,drafted
2026-10-08,Grazia,New York and Miami,submissions@grazia.com.au,1a11114c91b7c012,r5322827817452513606,drafted
