sent_utc,type,city,to,greeting,subject,gmail_thread_id,gmail_message_id,status
2026-10-06,stylist,Miami,1800y4y4@gmail.com,"Hi Yaya,","Editorial for submission, Miami",1a1110e9e393aa99,1a1110edf102b5a3,sent
2026-10-06,stylist,Miami,anakstyling@gmail.com,"Hi Ana,","Editorial for submission, Miami",1a1110f1f26f5863,1a1110fbc8049a14,sent
2026-10-06,stylist,Miami,annaruiz.mia@gmail.com,"Hi Anna,","Editorial for submission, Miami",1a1110f3bc287f76,1a1110fc29e2a7fb,sent
2026-10-06,stylist,Miami,charlierinconstylist@gmail.com,"Hi Charlie,","Editorial for submission, Miami",1a1110f319f69b5d,1a1110fc19c4e8b0,sent
2026-10-06,stylist,Miami,dana@danayurglich.com,"Hi Dana,","Editorial for submission, Miami",1a1110e97daec7fb,1a1110edd99fbfec,sent
2026-10-06,stylist,Miami,info@rebeccaengling.com,"Hi Rebecca,","Editorial for submission, Miami",1a1110f4220d4af0,1a1110fc4cd35a1d,sent
2026-10-06,stylist,Miami,nicole@nclstyles.com,"Hi Nicole,","Editorial for submission, Miami",1a1110e86181ece0,1a1110ed7cd490d1,sent
2026-10-06,stylist,Miami,sofia@cultureithub.com,"Hi Sofia,","Editorial for submission, Miami",1a1110e8ca720dd9,1a1110edb3ef3d62,sent
2026-10-06,stylist,Miami,styldbysophie@gmail.com,"Hi Sophie,","Editorial for submission, Miami",1a1110f280f65908,1a1110fbfe9e6826,sent
2026-10-06,stylist,Miami,zlatapalmbeach@gmail.com,"Hi Zlata,","Editorial for submission, Miami",1a1110ea646b7968,1a1110ee053f7897,sent
2026-10-06,stylist,New York,alexandershandi@gmail.com,"Hi Shandi,","Editorial for submission, New York",1a11111423e87561,1a11111f4639a0d3,sent
2026-10-06,stylist,New York,ayoka@ayokalucas.com,"Hi Ayoka,","Editorial for submission, New York",1a111102768fb73f,1a11110c6de6194b,sent
2026-10-06,stylist,New York,bridgettmagyar@gmail.com,"Hi Bridgett,","Editorial for submission, New York",1a111105cf13c30a,1a11110e04d628b8,sent
2026-10-06,stylist,New York,cassadee.chase@gmail.com,"Hi Cassadee,","Editorial for submission, New York",1a1110f69cf684eb,1a1110fd3e34d4ab,sent
2026-10-06,stylist,New York,cocostyle1@gmail.com,"Hi Coquito,","Editorial for submission, New York",1a111118234f5403,1a1111209c0efe93,sent
2026-10-06,stylist,New York,diana.tsui@gmail.com,"Hi Diana,","Editorial for submission, New York",1a111119d55ec105,1a11112114be6fec,auto-reply: out of the country through 7 Oct
2026-10-06,stylist,New York,dobsnycontact@gmail.com,"Hi Elanur,","Editorial for submission, New York",1a111113b8cbcf75,1a11111f33819225,sent
2026-10-06,stylist,New York,emdrake22@gmail.com,"Hi Emily,","Editorial for submission, New York",1a1110f564316f7b,1a1110fcf87f8a8d,sent
2026-10-06,stylist,New York,emily.bogner1@icloud.com,"Hi Emily,","Editorial for submission, New York",1a111101ccac4b55,1a11110c3d1e9e80,sent
2026-10-06,stylist,New York,gabrielalangone@me.com,"Hi Gabriela,","Editorial for submission, New York",1a111115db6e8918,1a11111ffdf2d757,sent
2026-10-06,stylist,New York,hello@akimaesato.com,"Hi Aki,","Editorial for submission, New York",1a111102eb407627,1a11110c833b348a,sent
2026-10-06,stylist,New York,hello@rafavida.com,"Hi Rafa,","Editorial for submission, New York",1a1111054ce2ef2d,1a11110dcfd316bf,sent
2026-10-06,stylist,New York,hello@stephaniewengerk.com,"Hi Stephanie,","Editorial for submission, New York",1a11110678f60c5b,1a11110e33f236e6,sent
2026-10-06,stylist,New York,herin@herinchoi.com,"Hi Herin,","Editorial for submission, New York",1a1111179d8ca502,1a1111206ce3e32f,sent
2026-10-06,stylist,New York,info.stylebydash@gmail.com,"Hi Dash,","Editorial for submission, New York",1a111104bac10ccf,1a11110da2b2561f,sent
2026-10-06,stylist,New York,info@alicialombardini.com,"Hi Alicia,","Editorial for submission, New York",1a111118bc1dd0ae,1a111120deee68cd,sent
2026-10-06,stylist,New York,info@martiarcucci.com,"Hi Marti,","Editorial for submission, New York",1a111115570fe259,1a11111f90db740a,sent
2026-10-06,stylist,New York,info@newheartnyc.com,"Hi Newheart,","Editorial for submission, New York",1a111103997fcb8f,1a11110cd0cfd0cf,sent
2026-10-06,stylist,New York,kara.erwin@me.com,"Hi Kara,","Editorial for submission, New York",1a111104019c72dc,1a11110d697baa04,sent
2026-10-06,stylist,New York,karen@twelvmagazine.com,"Hi Karen,","Editorial for submission, New York",1a11110130719436,1a11110c0270cda1,sent
2026-10-06,stylist,New York,lana@lanajaylackey.com,"Hi Lana,","Editorial for submission, New York",1a111114dc6115af,1a11111f67759c6e,sent
2026-10-06,stylist,New York,lennon.goldsmith@gmail.com,"Hi Lennon,","Editorial for submission, New York",1a1110f5eaf8cfcf,1a1110fd1e699e7e,sent
2026-10-06,stylist,New York,mar@marissabaklayan.com,"Hi Marissa,","Editorial for submission, New York",1a11111718f87dd3,1a111120298e85d1,sent
2026-10-06,stylist,New York,marianrbeshara@gmail.com,"Hi Marian,","Editorial for submission, New York",1a111107d9694a31,1a11110ea062ee7f,sent
2026-10-06,stylist,New York,mbelardo.info@gmail.com,"Hi Melissa,","Editorial for submission, New York",1a1110f71e63655f,1a1110fd44468850,sent
2026-10-06,stylist,New York,mlloyd858@gmail.com,"Hi Maxwell,","Editorial for submission, New York",1a1110f4cc2989f8,1a1110fc8fc6eb89,sent
2026-10-06,stylist,New York,morganbienvenue@gmail.com,"Hi Morgan,","Editorial for submission, New York",1a111106f699fb90,1a11110e89b2a60e,sent
2026-10-06,stylist,New York,oliver@olivervaughn.com,"Hi Oliver,","Editorial for submission, New York",1a111119410c79b0,1a111120f5ad351b,sent
2026-10-06,stylist,New York,styling@kellyaugustine.com,"Hi Kelly,","Editorial for submission, New York",1a11111a83e387b5,1a11112184095d9e,sent
2026-10-06,stylist,New York,stylistanatess@gmail.com,"Hi Ana,","Editorial for submission, New York",1a1111167bbb6939,1a1111201de87441,sent
2026-10-06,stylist,New York,tyler.okuns@gmail.com,"Hi Tyler,","Editorial for submission, New York",1a1111130e0cc452,1a11111f1848b61e,sent
2026-10-06,magazine,Miami,christiana@bocamag.com,"Hi Christiana,",Fashion story pitch: Miami,1a11113abadc4d26,1a11114205305146,sent
2026-10-06,magazine,Miami,contactus@hauteliving.com,"Hi Haute Living team,",Fashion story pitch: Miami,1a11113b38c08ba3,1a11114270769547,sent
2026-10-06,magazine,Miami,dnikolopoulos@palmbeachmedia.com,"Hi Daphne,",Fashion story pitch: Miami,1a11115e49838fb9,1a11116800539682,sent
2026-10-06,magazine,Miami,editor@tagmedia.com; info@trukreative.com,"Hi Isa,",Fashion story pitch: Miami,1a1110e55ff71b1b,1a1110e6d99fd790,delivered to editor@tagmedia.com; info@trukreative.com rejected
2026-10-06,magazine,Miami,jessica@venicemagftl.com,"Hi Jessica,",Fashion story pitch: Miami,1a11115efdad3067,1a111168841642b0,bounced: recipient rejected (address does not exist)
2026-10-06,magazine,New York,edit@papermag.com,"Hi PAPER team,",Photographer intro: New York,1a1111600437c8eb,1a11116ac43b11e9,sent
2026-10-06,magazine,New York,editor@dailyfrontrow.com,"Hi Daily Front Row team,",Photographer intro: New York,1a11113bd93c001b,1a1111429ad976c9,sent
2026-10-06,magazine,New York,editorial@avenuemagazine.com,"Hi Avenue team,",Photographer intro: New York,1a11113c53c66c5c,1a11114309cbc0ed,sent
2026-10-06,magazine,New York,fashioneditor@ponyboymagazine.com,"Hi Ponyboy team,",Photographer intro: New York,1a11113a09d4f8f5,1a111141e12eb53f,sent
2026-10-06,magazine,New York,info@ceromagazine.com,"Hi Jonathan,",Photographer intro: New York,1a11115fbaa61107,1a1111692b6d5a8f,sent
2026-10-06,magazine,New York,info@missionmag.org,"Hi Mission team,",Photographer intro: New York,1a111126716694f2,1a1111311a8ffaf4,sent
2026-10-06,magazine,New York,info@officemagazine.net,"Hi Office team,",Photographer intro: New York,1a1111609d4c10d1,1a11116b3d3eb90d,sent
2026-10-06,magazine,New York,info@tunicastudio.com,"Hi Tunica team,",Photographer intro: New York,1a111126eec19ecb,1a1111313082f673,sent
2026-10-06,magazine,New York and Miami,ani@glamour.bg,"Hi Ani,",Editorial submission: New York and Miami,1a111148397eb6b2,1a11115237dd4382,sent
2026-10-06,magazine,New York and Miami,becky@twinfactory.co.uk,"Hi Becky,",Editorial pitch: New York and Miami,1a11112bb9a61be8,1a111132c5640e31,sent
2026-10-06,magazine,New York and Miami,charlotte.williams@os.itp.com; charlie.boyd@itp.com,"Hi Charlotte and Charlie,",Editorial submission: New York and Miami,1a11114d19fdc6fd,1a1111598476052b,auto-reply: Charlie Boyd out of office until 9 Oct
2026-10-06,magazine,New York and Miami,contact.bazaar@sunflowermedia.vn,"Hi Harper's Bazaar Vietnam team,",Editorial submission: New York and Miami,1a111149031ebad5,1a1111528e981f2a,sent
2026-10-06,magazine,New York and Miami,contact@novembremagazine.com,"Hi Novembre team,",Editorial pitch: New York and Miami,1a11112a9689faf9,1a1111323b38e51b,sent
2026-10-06,magazine,New York and Miami,editorial@lemilemagazine.com,"Hi Le Mile team,",Editorial pitch: New York and Miami,1a11112800f10023,1a1111317d42f4b5,sent
2026-10-06,magazine,New York and Miami,editorial@lofficielibiza.com,"Hi L'Officiel Ibiza team,",Editorial submission: New York and Miami,1a111149b5150b3a,1a111152a4657ef4,sent
2026-10-06,magazine,New York and Miami,editorial@rankin.co.uk,"Hi Hunger team,",Editorial pitch: New York and Miami,1a11116397ae1265,1a11116ed8e549d6,sent
2026-10-06,magazine,New York and Miami,fashion@1883magazine.com,"Hi 1883 team,",Editorial pitch: New York and Miami,1a111161bc9fc0ce,1a11116d52982e31,sent
2026-10-06,magazine,New York and Miami,fashion@composuremagazine.com,"Hi Composure team,",Editorial submission: New York and Miami,1a11114b6632549f,1a1111533d8228d0,bounced: recipient rejected (address does not exist)
2026-10-06,magazine,New York and Miami,fashion@nastymagazine.com,"Hi Anca,",Editorial pitch: New York and Miami,1a111170e498d9df,1a11117323391bf7,sent
2026-10-06,magazine,New York and Miami,fashion@oor.berlin,"Hi Numéro Berlin team,",Editorial submission: New York and Miami,1a11114dbe9ec07f,1a1111567f985fd2,sent
2026-10-06,magazine,New York and Miami,genea@noctismag.com,"Hi Genéa,",Editorial pitch: New York and Miami,1a11112cecfc21fe,1a11113315ad185f,sent
2026-10-06,magazine,New York and Miami,hello@faddymagazine.com,"Hi Candice,",Pre-shoot pitch: New York and Miami,1a1111397f2fb345,1a111141c4b3c6f3,bounced: address not found
2026-10-06,magazine,New York and Miami,hello@ladygunn.com,"Hi Lady Gunn team,",Editorial pitch: New York and Miami,1a1111613f5e32a6,1a11116cd8f36b1a,sent
2026-10-06,magazine,New York and Miami,info@irkmagazine.com,"Hi IRK team,",Editorial pitch: New York and Miami,1a1111642124b803,1a111170853dd695,sent
2026-10-06,magazine,New York and Miami,info@pusspussmagazine.com,"Hi Puss Puss team,",Editorial pitch: New York and Miami,1a11112b34903dfb,1a1111327e4a9f86,sent
2026-10-06,magazine,New York and Miami,info@theforumist.com,"Hi Forumist team,",Editorial pitch: New York and Miami,1a111128b4d9c4cb,1a111131a7c58fd5,sent
2026-10-06,magazine,New York and Miami,info@vein.es,"Hi Vein team,",Editorial pitch: New York and Miami,1a1111295ab3d8cf,1a111131c0013d6d,sent
2026-10-06,magazine,New York and Miami,info@vingtseptmagazine.com,"Hi Vingt Sept team,",Editorial pitch: New York and Miami,1a11112793e27467,1a1111314ace8008,sent
2026-10-06,magazine,New York and Miami,jenny@lofficielstbarth.com,"Hi Jenny,",Editorial submission: New York and Miami,1a11114ae32ce352,1a1111531346fb8f,sent
2026-10-06,magazine,New York and Miami,kristina.mikulic@vogueadria.com,"Hi Kristina,",Editorial submission: New York and Miami,1a11113cf379f35f,1a11114333001691,sent
2026-10-06,magazine,New York and Miami,m.georgieva@sbb.bg,"Hi Maria,",Editorial submission: New York and Miami,1a11114872447d49,1a1111524e7327db,sent
2026-10-06,magazine,New York and Miami,marcela@regiamag.com,"Hi Marcela,",Editorial submission: New York and Miami,1a11114bf2fa684c,1a11115484a2a2fb,sent
2026-10-06,magazine,New York and Miami,metal_contributions@revistametal.com,"Hi Metal team,",Editorial pitch: New York and Miami,1a111162f010e43e,1a11116e6d6045e3,sent
2026-10-06,magazine,New York and Miami,nell@tankmagazine.com,"Hi Nell,",Editorial pitch: New York and Miami,1a11112c4c15f33a,1a111132fdce2063,"Nell has left Tank; re-pitch to sohrab@tankmagazine.com drafted, awaiting approval"
2026-10-06,magazine,New York and Miami,office@pibemagazine.com,"Hi Pibe team,",Editorial pitch: New York and Miami,1a111129eaf93b4d,1a1111321d4a85a7,sent
2026-10-06,magazine,New York and Miami,post@achtung-mode.com,"Hi Achtung team,",Editorial pitch: New York and Miami,1a111138cd39191f,1a111141b88d32f0,sent
2026-10-06,magazine,New York and Miami,press@lofficielbaltic.com,"Hi L'Officiel Baltic team,",Editorial submission: New York and Miami,1a11114e4ce0fac6,1a111156c21c1140,bounced: address not found
2026-10-06,magazine,New York and Miami,redakce@vogue.cz,"Hi Kateřina,",Editorial submission: New York and Miami,1a11113d7057140d,1a11114375dbb545,sent
2026-10-06,magazine,New York and Miami,sasha@hubemag.com,"Hi Sasha,",Editorial pitch: New York and Miami,1a1111385625bfa9,1a1111417d5c96c1,sent
2026-10-06,magazine,New York and Miami,site@revistalofficiel.com.br,"Hi L'Officiel Brasil team,",Editorial submission: New York and Miami,1a11114a4d1283ad,1a111152c1a0b368,sent
2026-10-06,magazine,New York and Miami,submissions@bricksmagazine.co.uk,"Hi Bricks team,",Editorial pitch: New York and Miami,1a1111370873b4ab,1a111141285e89dc,sent
2026-10-06,magazine,New York and Miami,submissions@glamcultstudio.com,"Hi Glamcult team,",Editorial pitch: New York and Miami,1a111137b3b23219,1a11114155f3a72b,sent
2026-10-06,magazine,New York and Miami,submissions@grazia.com.au,"Hi Grazia team,",Editorial submission: New York and Miami,1a11114c91b7c012,1a111154fb663df2,sent
