sent_utc,type,city,to,name,subject,gmail_thread_id,gmail_message_id,status
2026-10-10,stylist,New York,info@victoriavas.com,Victoria Vasilevsky,"Editorial for submission, New York",1a1254cd5a7182f1,1a1254d72d493903,sent
2026-10-10,stylist,New York,odileiturraspe@gmail.com,Odile Iturraspe,"Editorial for submission, New York",1a1254ccc77a269a,1a1254d759f4226f,sent
2026-10-10,stylist,New York,kyrie@kyriethompson.com,Kyrie Thompson,"Editorial for submission, New York",1a1254cc2deaa3a2,1a1254d79dceaeb7,sent
2026-10-10,stylist,New York,studio@juliannaalabado.com,Julianna Alabado,"Editorial for submission, New York",1a1254cb78071b75,1a1254d7b2bdaf87,sent
2026-10-10,stylist,New York,j@jamieortega.com,Jamie Ortega,"Editorial for submission, New York",1a1254caf35e881f,1a1254d80caaaae8,sent
2026-10-10,stylist,New York,irina.li.ny@gmail.com,Iryna Li,"Editorial for submission, New York",1a1254ca4cb37cb5,1a1254d89074315e,sent
2026-10-10,stylist,New York,elly@ellymcgaw.com,Elly McGaw,"Editorial for submission, New York",1a1254c9dab11837,1a1254d8b2a0e2e2,sent
2026-10-10,stylist,New York,DaVianLain@gmail.com,DaVian Lain,"Editorial for submission, New York",1a1254c9a702ec8e,1a1254d8ddf17548,sent
2026-10-10,stylist,New York,tsaoashly@gmail.com,Ashly Tsao,"Editorial for submission, New York",1a1254c87affa391,1a1254d8fa9ed5da,sent
2026-10-10,stylist,New York,solovey.stylist@gmail.com,Anastasia Solovey,"Editorial for submission, New York",1a1254c7cc99cc05,1a1254d93aa2a56e,sent
2026-10-10,stylist,Miami,stylist@veronicagarrote.com,Veronica Garrote,"Editorial for submission, Miami",1a1254c75a54e8f7,1a1254d98c4a0a88,sent
2026-10-10,stylist,Miami,hello@sydneybelladonna.com,Sydney Bella Donna,"Editorial for submission, Miami",1a1254c6ad627b1e,1a1254d9a05532a2,sent
2026-10-10,stylist,Miami,sarattias@gmail.com,Sarah Attias,"Editorial for submission, Miami",1a1254c5ff538629,1a1254da77a9dd3a,sent
2026-10-10,stylist,Miami,mo.fashionstyling@gmail.com,Mariela Ortega,"Editorial for submission, Miami",1a1254c5677bce88,1a1254dae2cbaa36,sent
2026-10-10,stylist,Miami,montesluanna@gmail.com,Luanna Montes,"Editorial for submission, Miami",1a1254c4c7a951c5,1a1254db11249c19,sent
2026-10-10,stylist,Miami,styledbykasia@gmail.com,Kasia Johnson,"Editorial for submission, Miami",1a1254c42e32a4d2,1a1254e09dee1cd1,sent
2026-10-10,stylist,Miami,jaradsstylishways@gmail.com,Jarad Gibson Gonzalez,"Editorial for submission, Miami",1a1254c38bd7b74b,1a1254e0a268a9b6,sent
2026-10-10,stylist,Miami,camilabrsn@gmail.com,Camila Brosens,"Editorial for submission, Miami",1a1254c2e3653eff,1a1254e0daf161ff,sent
2026-10-10,stylist,Miami,styledbybermudez@yahoo.com,Anthony Bermudez,"Editorial for submission, Miami",1a1254c25e77ac73,1a1254e10d3f9e98,sent
2026-10-10,stylist,Miami,milaplease@gmail.com,Mila Gonzalez Kastari,"Editorial for submission, Miami",1a124807b6d2dfa4,1a1254e14d0832c6,sent
2026-10-10,stylist,New York,Queena.nyc@gmail.com,Queena Yan,"Editorial for submission, New York",1a1248041a289928,1a1254e1bd0c9e9d,sent
2026-10-10,stylist,New York,blair.k.cannon@gmail.com,Blair Cannon,"Editorial for submission, New York",1a124803ed451628,1a1254e1ebc68466,sent
2026-10-10,stylist,New York,amandha@ag-newyork.com,Amandha Gaio,"Editorial for submission, New York",1a124803c638138e,1a1254e220531c39,sent
2026-10-10,stylist,New York,MaiSkkbr.Stylist@gmail.com,Mai Sakakibara,"Editorial for submission, New York",1a124803bd916555,1a1254e25f18ff30,sent
2026-10-10,stylist,Miami,info@linarodriguezstylist.com,Lina Rodriguez,"Editorial for submission, Miami",1a11f798764a11cd,1a1254e274546682,sent
2026-10-10,stylist,New York,louloushafran@gmail.com,Loulou Shafran,"Editorial for submission, New York",1a11f6ffd351e2bc,1a1254e2efde0659,sent
2026-10-10,stylist,New York,info@itsukawatanabe.com,Itsuka Watanabe,"Editorial for submission, New York",1a11f6ffac42b5a9,1a1254e307233f64,sent
2026-10-10,stylist,New York,billierose.alice@gmail.com,Billie Rose Owen,"Editorial for submission, New York",1a11f6ff6d22a950,1a1254e352ffd295,sent
2026-10-10,stylist,New York,k.scalzy@gmail.com,Kerri L. Scales,"Editorial for submission, New York",1a11f6fef70eb2cb,1a1254e39cb71f9a,sent
2026-10-10,stylist,New York,AnicaAnakovna@gmail.com,Anica Buckson,"Editorial for submission, New York",1a11f6fedd40e44d,1a1254e3d61b0ea8,sent
2026-10-10,magazine,New York and Miami,info@designscene.net,DSCENE,Editorial pitch: New York and Miami,1a11c14f4de54315,1a1254eba179141c,sent
2026-10-10,magazine,New York and Miami,carolina.nunes@light-house.pt,Vogue Portugal,Editorial pitch: New York and Miami,1a11c14fdbfc2aa2,1a1254ebdbeb265c,sent
2026-10-10,magazine,New York and Miami,sofia@visualtalent.co.uk,Wonderland,Editorial pitch: New York and Miami,1a11c150744415fd,1a1254ec126e4bb0,sent
2026-10-10,magazine,New York and Miami,social@sleekmag.com,SLEEK,Editorial pitch: New York and Miami,1a11c1517b0bb714,1a1254ec24051730,sent
2026-10-10,magazine,New York and Miami,us@notion.online,NOTION,Editorial pitch: New York and Miami,1a11c1518126d380,1a1254ec5ad74848,sent
2026-10-10,magazine,New York and Miami,info@flauntmagazine.com,Flaunt,Editorial pitch: New York and Miami,1a11c1522c70c43a,1a1254ec74faebda,sent
2026-10-10,magazine,New York and Miami,hello@plastikstudios.com,Plastik,Editorial pitch: New York and Miami,1a11c153657e7997,1a1254ec93abf569,sent
2026-10-10,magazine,New York and Miami,submissions@oe-magazine.de,Œ Magazine,Editorial pitch: New York and Miami,1a11a6f2b392a59f,1a1254ee33c071f6,sent
2026-10-10,magazine,New York and Miami,info@basic-magazine.com,BASIC,Basic Fashion: New York and Miami editorial,1a11a6f2e9f10425,1a1254ef11ac26d5,sent
2026-10-10,magazine,New York and Miami,submissions@fashiongonerogue.com,Fashion Gone Rogue,Editorial pitch: New York and Miami,1a11a6f31b69cbd2,1a1254f02dd24307,sent
2026-10-10,magazine,New York and Miami,contact@c-heads.com,C-Heads,Editorial pitch: New York and Miami,1a11a6f34bd6c75b,1a1254f0e95d77b0,sent
2026-10-10,magazine,New York and Miami,hey@galoremag.com,Galore,Editorial pitch: New York and Miami,1a11c152da6e5339,,"not sent: blocked by permission check, draft r7787223929640839403 kept"
2026-10-10,magazine,New York and Miami,sohrab@tankmagazine.com,Tank (Sohrab),Editorial pitch: New York and Miami,1a11c1540a35faf6,,"not sent: blocked by permission check, draft r4863235645598782324 kept"
2026-10-10,magazine,New York and Miami,info@gmaromagazine.com,GMARO,Editorial pitch: New York and Miami,1a11a6f362132d6b,1a12551705b41978,sent
2026-10-10,magazine,New York and Miami,submissions@overduemagazine.com,OVERDUE,Editorial pitch: New York and Miami,1a1257c80df404bf,1a1257c9570fa5e0,sent
