added_utc,kind,name,to,gmail_thread_id,gmail_draft_id,needs,status,note
2026-10-10,reply,"Gabriela Langone (NY stylist, yes)",gabrielalangone@me.com,1a111115db6e8918,r-8367620656099591365,,pending,NY dates 21-28 Oct filled 10 Oct; ready
2026-10-10,reply,"Nicole (Miami stylist, yes)",nicole@nclstyles.com,1a1110e86181ece0,r-2738203561166100605,"Miami dates, locations, number of models",pending,
2026-10-10,reply,Noctis (wants finished story),genea@noctismag.com,1a11112cecfc21fe,r-4446078633400126174,timing of moodboard,pending,
2026-10-10,reply,Harper's Bazaar Vietnam (paid only),contact.bazaar@sunflowermedia.vn,1a111149031ebad5,r2199525795948939756,,pending,
2026-10-10,reply,Hube (declined),sasha@hubemag.com,1a1111385625bfa9,r1660436128048537492,,pending,
2026-10-10,outreach-blocked,Tank re-pitch to Sohrab,sohrab@tankmagazine.com,1a11c1540a35faf6,r4863235645598782324,permission check blocked auto-send,pending,
2026-10-10,outreach-blocked,Galore intro,hey@galoremag.com,1a11c152da6e5339,r7787223929640839403,permission check blocked auto-send,pending,
2026-10-08,follow-up,Boca Magazine,christiana@bocamag.com,1a11113abadc4d26,r-2296599217154742779,,pending,
2026-10-08,follow-up,Haute Living,contactus@hauteliving.com,1a11113b38c08ba3,r1706158310400272708,,pending,
2026-10-08,follow-up,Aventura Magazine,dnikolopoulos@palmbeachmedia.com,1a11115e49838fb9,r-7861120117604096971,,pending,
2026-10-08,follow-up,Brickell Magazine,editor@tagmedia.com,1a1110e55ff71b1b,r-4510133653197587567,,pending,
2026-10-08,follow-up,PAPER,edit@papermag.com,1a1111600437c8eb,r2022098246640670051,,pending,
2026-10-08,follow-up,The Daily Front Row,editor@dailyfrontrow.com,1a11113bd93c001b,r-4787234084044217247,,pending,
2026-10-08,follow-up,Avenue,editorial@avenuemagazine.com,1a11113c53c66c5c,r-502988783502150374,,pending,
2026-10-08,follow-up,Ponyboy,fashioneditor@ponyboymagazine.com,1a11113a09d4f8f5,r-6050690140345674672,,pending,
2026-10-08,follow-up,Cero,info@ceromagazine.com,1a11115fbaa61107,r-3568091704973372787,,pending,
2026-10-08,follow-up,Mission,info@missionmag.org,1a111126716694f2,r4646636021541978637,,pending,
2026-10-08,follow-up,Office,info@officemagazine.net,1a1111609d4c10d1,r-1300965790705446104,,pending,
2026-10-08,follow-up,Tunica,info@tunicastudio.com,1a111126eec19ecb,r2862213857984137531,,pending,
2026-10-08,follow-up,Glamour Bulgaria,ani@glamour.bg,1a111148397eb6b2,r-9109485926001297316,,pending,
2026-10-08,follow-up,Twin,becky@twinfactory.co.uk,1a11112bb9a61be8,r-2258875096085703436,,pending,
2026-10-08,follow-up,Harper's Bazaar Arabia,charlotte.williams@os.itp.com; charlie.boyd@itp.com,1a11114d19fdc6fd,r8261401055009712284,,pending,
2026-10-08,follow-up,Novembre,contact@novembremagazine.com,1a11112a9689faf9,r-7490527339680535925,,pending,
2026-10-08,follow-up,Le Mile,editorial@lemilemagazine.com,1a11112800f10023,r-8529705991963491120,,pending,
2026-10-08,follow-up,L'Officiel Ibiza,editorial@lofficielibiza.com,1a111149b5150b3a,r-7738545330546494423,,pending,
2026-10-08,follow-up,Hunger,editorial@rankin.co.uk,1a11116397ae1265,r-8885891074555751283,,pending,
2026-10-08,follow-up,1883,fashion@1883magazine.com,1a111161bc9fc0ce,r-777865113305335101,,pending,
2026-10-08,follow-up,Nasty,fashion@nastymagazine.com,1a111170e498d9df,r-7978128374523130328,,pending,
2026-10-08,follow-up,Numéro Berlin,fashion@oor.berlin,1a11114dbe9ec07f,r3938743731048172622,,pending,
2026-10-08,follow-up,Lady Gunn,hello@ladygunn.com,1a1111613f5e32a6,r2022570191456982614,,pending,
2026-10-08,follow-up,IRK,info@irkmagazine.com,1a1111642124b803,r-703921420234521863,stylist name + moodboard,pending,
2026-10-08,follow-up,Puss Puss,info@pusspussmagazine.com,1a11112b34903dfb,r8925125064577066816,,pending,
2026-10-08,follow-up,The Forumist,info@theforumist.com,1a111128b4d9c4cb,r-1180743741969301931,,pending,
2026-10-08,follow-up,Vein,info@vein.es,1a1111295ab3d8cf,r6946404928438480566,,pending,
2026-10-08,follow-up,Vingt Sept,info@vingtseptmagazine.com,1a11112793e27467,r-2269782000895812786,,pending,
2026-10-08,follow-up,L'Officiel St Barth,jenny@lofficielstbarth.com,1a11114ae32ce352,r2534581400864191987,,pending,
2026-10-08,follow-up,Vogue Adria,kristina.mikulic@vogueadria.com,1a11113cf379f35f,r-4052338711766373283,,pending,
2026-10-08,follow-up,Elle Bulgaria,m.georgieva@sbb.bg,1a11114872447d49,r-5361364099696678601,,pending,
2026-10-08,follow-up,Regia,marcela@regiamag.com,1a11114bf2fa684c,r-7342064502987615838,,pending,
2026-10-08,follow-up,Metal,metal_contributions@revistametal.com,1a111162f010e43e,r-7852074292367831026,,pending,
2026-10-08,follow-up,Pibe,office@pibemagazine.com,1a111129eaf93b4d,r-780516871215348260,,pending,
2026-10-08,follow-up,Achtung Mode,post@achtung-mode.com,1a111138cd39191f,r5618606887027317049,,pending,
2026-10-08,follow-up,Vogue Czechoslovakia,redakce@vogue.cz,1a11113d7057140d,r-909466275331016972,,pending,
2026-10-08,follow-up,L'Officiel Brasil,site@revistalofficiel.com.br,1a11114a4d1283ad,r-3507193229129610625,,pending,
2026-10-08,follow-up,Bricks,submissions@bricksmagazine.co.uk,1a1111370873b4ab,r-8464190499890154795,stylist name + moodboard,pending,
2026-10-08,follow-up,Glamcult,submissions@glamcultstudio.com,1a111137b3b23219,r4621254239232769352,,pending,
2026-10-08,follow-up,Grazia,submissions@grazia.com.au,1a11114c91b7c012,r5322827817452513606,,pending,
2026-10-10,reply,"Luanna Montes (Miami stylist, yes)",montesluanna@gmail.com,1a1254c4c7a951c5,r-4243565398561603298,,pending,"Away until first week of Nov; reply says Miami dates not set and offers to plan around her return (no dates invented); ready; a second draft in this thread (r8634457782431720571, 14:04 UTC, from another session) has an [AIDAN: exact Miami dates] placeholder and must not be sent; Aidan to pick one and discard the other"
2026-10-10,reply,C-Heads (will review finished series),contact@c-heads.com,1a11a6f34bd6c75b,r-3054495847318014966,,pending,"Christine: can't confirm before seeing the finished series, happy to look at final images; no pull letter. Draft written by another session 17:04; quoted http link to aidantorrence.com removed 17:18; promises to keep it unpublished until they've looked (matches the original exclusive offer); ready"
