found_utc,segment,name,first_name,city,email,email_source_url,instagram,recent_credit,credit_source_url,rules_or_notes,confidence,status,gmail_draft_id
2026-10-08,magazine,Œ Magazine,,Berlin,submissions@oe-magazine.de,https://oe-magazine.de/submit-your-work/,,,,Finished only; exclusive+unpublished; 8+ looks; designer brands only,high,drafted,r-5622371600669722473
2026-10-08,magazine,DSCENE (Design Scene),,International,info@designscene.net,https://www.designscene.net/about,,,,Feature inquiries/submissions address; rules unknown,medium,drafted,r6963490357272222529
2026-10-08,magazine,BASIC Magazine,,Beverly Hills,info@basic-magazine.com,https://basic-magazine.com/83-2/submissions/,,,,"Finished only, no moodboards; exclusives preferred; subject 'Basic Fashion'",high,drafted,r-4855779833627431401
2026-10-08,magazine,Fashion Gone Rogue,Joanna,USA online,submissions@fashiongonerogue.com,https://www.fashiongonerogue.com/frequently-asked-questions/,,,,Finished; exclusives and published both OK; no guaranteed reply,high,drafted,r1932132607855626911
2026-10-08,magazine,C-Heads Magazine,Christine,Austria,contact@c-heads.com,https://www.c-heads.com/contact-us/,,,,Exclusive+unpublished only; up to 40 images; general/guidelines address,medium,drafted,r5939286208463791721
2026-10-08,magazine,GMARO Magazine,,International,info@gmaromagazine.com,https://www.gmaromagazine.com/submissions,,,,Finished; non-exclusive OK; 5-12 images; no BCC emails,high,drafted,r7604558538230798770
2026-10-08,magazine,Vogue Portugal,Carolina,Lisbon,carolina.nunes@light-house.pt,https://www.vogue.pt/ficha-tecnica,,,,Online fashion editor per masthead; alt: sara.andrade@light-house.pt,medium,drafted,r7456795106765957809
2026-10-08,magazine,Wonderland,Sofia,London,sofia@visualtalent.co.uk,https://www.wonderlandmagazine.com/contact/,,,,Senior online editor; Aidan emailed Laura@wonderlandmagazine.com in 2016,medium,drafted,r3000218943866695800
2026-10-08,magazine,SLEEK,,Berlin,social@sleekmag.com,https://www.sleek-mag.com/contact/,,,,Listed for editorial inquiries/partnerships/press; domain differs from site,medium,drafted,r-7618890685213646709
2026-10-08,magazine,NOTION,,London / LA,us@notion.online,https://www.notion.online/contact,,,,US editorial enquiries; rules unknown,medium,drafted,r2211455553937291259
2026-10-08,magazine,Flaunt,,Los Angeles,info@flauntmagazine.com,https://www.flaunt.com/contact,,,,General inquiries only; rules unknown,medium,drafted,r-3036260209523925117
2026-10-08,magazine,Galore,,Los Angeles,hey@galoremag.com,https://galoremag.com/contact/,,,,General contact; rules unknown,medium,drafted,r7787223929640839403
2026-10-08,magazine,Plastik Magazine,,Beirut / Brooklyn,hello@plastikstudios.com,https://www.plastikmagazine.com/contact,,,,General studio contact; rules unknown,medium,drafted,r-5970222190474466754
2026-10-08,magazine,Fucking Young!,,Spain online,info@fuckingyoung.es,https://fuckingyoung.es/contribute/,,,,Menswear only; online only,high,skipped-menswear-only,
2026-10-08,magazine,PAUSE Magazine,Samantha,London,samantha.ria@pausemag.co.uk,https://pausemag.co.uk/submissions/,,,,Menswear only; upload form,high,skipped-menswear-only,
