pinged_utc,channel_id,message_ts,link,pending_count,note
2026-10-10T11:08,D09JB0X1DDM,1791630516.458889,https://testing-oqz7522.slack.com/archives/D09JB0X1DDM/p1791630516458889,47,first Slack approval ping; full draft text in thread reply 1791630527.792999
2026-10-10T11:18,D09JB0X1DDM,1791631112.757729,https://testing-oqz7522.slack.com/archives/D09JB0X1DDM/p1791631112757729,47,re-ping; no change; replies may come in either thread
2026-10-10T12:18,D09JB0X1DDM,1791634725.147109,https://testing-oqz7522.slack.com/archives/D09JB0X1DDM/p1791634725147109,47,re-ping; flagged other session pitching Miami 21-28 Oct vs confirmed NY dates
2026-10-10T13:18,D09JB0X1DDM,1791638299.469399,https://testing-oqz7522.slack.com/archives/D09JB0X1DDM/p1791638299469399,47,re-ping; no change
2026-10-10T14:20,D09JB0X1DDM,1791642042.072699,https://testing-oqz7522.slack.com/archives/D09JB0X1DDM/p1791642042072699,48,re-ping; new reply Luanna Montes (Miami yes; away until first week Nov) drafted for approval
2026-10-10T15:18,D09JB0X1DDM,1791645518.070849,https://testing-oqz7522.slack.com/archives/D09JB0X1DDM/p1791645518070849,48,re-ping; flagged duplicate Luanna draft from another session (placeholder)
2026-10-10T16:18,D09JB0X1DDM,1791649105.768699,https://testing-oqz7522.slack.com/archives/D09JB0X1DDM/p1791649105768699,48,re-ping; no change
2026-10-10T17:18,D09JB0X1DDM,1791652721.419629,https://testing-oqz7522.slack.com/archives/D09JB0X1DDM/p1791652721419629,49,re-ping; new C-Heads reply (finished-only) with draft text in thread
2026-10-10T17:57:52.003Z,D09JB0X1DDM,1791655072.003729,https://testing-oqz7522.slack.com/archives/D09JB0X1DDM/p1791655072003729,48,Codex native run; 5 verified new magazine intros; 0 NY/0 Miami stylist sends; existing 7 replies+1 blocked+40 follow-ups pending; 13 proposal pitches held; full text of 8 quote-link-cleaned drafts in reply; Galore/Shandi live sent reminders stopped; observed other-process sends not counted
